OrderID,OrderDate,CustomerID,ProductID,Quantity,UnitPrice,TotalSale,Region
"ORD-5001","2025-10-21","C2443","P1012","6","112.61","675.66","East"
"ORD-5002","2024-03-13","C2104","P1038","4","86.37","345.48","West"
"ORD-5003","2024-05-30","C2328","P1025","10","185.22","1852.20","North"
"ORD-5004","2025-01-24","C2098","P1025","9","185.22","1666.98","West"
"ORD-5005","2024-02-11","C2261","P1027","5","134.32","671.60","East"
"ORD-5006","2024-12-09","C2099","P1042","3","35.03","105.09","North"
"ORD-5007","2025-12-05","C2118","P1005","8","74.61","596.88","West"
"ORD-5008","2024-04-18","C2121","P1011","6","78.92","473.52","North"
"ORD-5009","2025-06-16","C2119","P1005","1","74.61","74.61","South"
"ORD-5010","2025-07-09","C2381","P1033","1","18.85","18.85","East"
"ORD-5011","2024-01-06","C2138","P1021","8","165.9","1327.20","West"
"ORD-5012","2025-08-29","C2464","P1020","2","24.62","49.24","West"
"ORD-5013","2025-03-09","C2058","P1006","6","17.64","105.84","South"
"ORD-5014","2025-02-24","C2380","P1026","1","64.62","64.62","North"
"ORD-5015","2024-08-20","C2063","P1004","2","28.55","57.10","South"
"ORD-5016","2024-03-11","C2368","P1018","10","38.93","389.30","East"
"ORD-5017","2024-06-01","C2184","P1031","2","107.88","215.76","North"
"ORD-5018","2025-04-25","C2202","P1027","2","134.32","268.64","South"
"ORD-5019","2025-08-11","C2408","P1033","5","18.85","94.25","South"
"ORD-5020","2025-11-08","C2343","P1049","1","29.94","29.94","West"
"ORD-5021","2025-09-10","C2053","P1027","10","134.32","1343.20","North"
"ORD-5022","2024-12-27","C2488","P1009","1","134.61","134.61","North"
"ORD-5023","2025-10-31","C2227","P1037","7","49.95","349.65","East"
"ORD-5024","2025-03-07","C2499","P1021","2","165.9","331.80","West"
"ORD-5025","2025-07-08","C2199","P1050","3","48.76","146.28","North"
"ORD-5026","2025-09-12","C2318","P1041","3","28.49","85.47","East"
"ORD-5027","2025-08-17","C2434","P1038","1","86.37","86.37","North"
"ORD-5028","2025-10-27","C2060","P1029","9","162.21","1459.89","South"
"ORD-5029","2024-12-16","C2074","P1025","6","185.22","1111.32","West"
"ORD-5030","2025-03-07","C2222","P1050","10","48.76","487.60","East"
"ORD-5031","2025-12-17","C2416","P1050","1","48.76","48.76","West"
"ORD-5032","2024-12-31","C2005","P1004","2","28.55","57.10","South"
"ORD-5033","2025-08-08","C2491","P1007","9","162.96","1466.64","East"
"ORD-5034","2025-04-01","C2168","P1034","5","41.45","207.25","North"
"ORD-5035","2024-01-17","C2137","P1037","8","49.95","399.60","South"
"ORD-5036","2024-08-24","C2500","P1006","3","17.64","52.92","West"
"ORD-5037","2024-03-01","C2129","P1006","3","17.64","52.92","West"
"ORD-5038","2025-05-21","C2364","P1013","2","91.3","182.60","North"
"ORD-5039","2025-10-11","C2329","P1022","8","195.89","1567.12","East"
"ORD-5040","2024-11-16","C2215","P1012","9","112.61","1013.49","East"
"ORD-5041","2024-07-24","C2162","P1006","6","17.64","105.84","East"
"ORD-5042","2024-08-08","C2268","P1020","7","24.62","172.34","North"
"ORD-5043","2025-07-29","C2287","P1048","5","20.28","101.40","East"
"ORD-5044","2025-01-19","C2102","P1041","2","28.49","56.98","North"
"ORD-5045","2024-03-10","C2494","P1006","3","17.64","52.92","North"
"ORD-5046","2025-04-13","C2255","P1027","3","134.32","402.96","East"
"ORD-5047","2025-07-08","C2090","P1015","7","52.45","367.15","North"
"ORD-5048","2025-04-15","C2328","P1004","7","28.55","199.85","West"
"ORD-5049","2025-12-19","C2026","P1012","4","112.61","450.44","West"
"ORD-5050","2025-11-03","C2432","P1029","10","162.21","1622.10","West"
"ORD-5051","2025-09-15","C2087","P1050","5","48.76","243.80","North"
"ORD-5052","2024-11-28","C2445","P1032","2","52.52","105.04","East"
"ORD-5053","2025-08-15","C2470","P1024","4","180.47","721.88","South"
"ORD-5054","2024-08-15","C2140","P1047","3","118.95","356.85","South"
"ORD-5055","2024-09-01","C2185","P1002","5","89.88","449.40","West"
"ORD-5056","2025-02-22","C2162","P1017","2","60.32","120.64","North"
"ORD-5057","2024-03-22","C2389","P1019","3","182.55","547.65","North"
"ORD-5058","2024-06-21","C2347","P1017","5","60.32","301.60","West"
"ORD-5059","2024-11-19","C2493","P1025","2","185.22","370.44","North"
"ORD-5060","2024-01-26","C2453","P1037","8","49.95","399.60","South"
"ORD-5061","2024-03-20","C2134","P1003","7","29.47","206.29","South"
"ORD-5062","2025-08-11","C2374","P1037","4","49.95","199.80","North"
"ORD-5063","2024-05-09","C2301","P1012","5","112.61","563.05","North"
"ORD-5064","2025-09-27","C2143","P1022","10","195.89","1958.90","East"
"ORD-5065","2025-09-24","C2067","P1049","4","29.94","119.76","West"
"ORD-5066","2025-04-23","C2181","P1008","3","68.41","205.23","East"
"ORD-5067","2024-08-16","C2180","P1017","3","60.32","180.96","East"
"ORD-5068","2025-03-11","C2283","P1020","8","24.62","196.96","North"
"ORD-5069","2025-08-20","C2027","P1030","8","12.47","99.76","South"
"ORD-5070","2024-06-17","C2434","P1038","1","86.37","86.37","South"
"ORD-5071","2024-06-26","C2292","P1008","5","68.41","342.05","West"
"ORD-5072","2025-03-30","C2245","P1024","5","180.47","902.35","West"
"ORD-5073","2025-06-19","C2319","P1007","5","162.96","814.80","East"
"ORD-5074","2025-02-18","C2383","P1023","3","157.13","471.39","South"
"ORD-5075","2024-08-14","C2246","P1015","2","52.45","104.90","East"
"ORD-5076","2025-06-23","C2351","P1020","6","24.62","147.72","West"
"ORD-5077","2025-12-13","C2085","P1025","4","185.22","740.88","North"
"ORD-5078","2024-02-15","C2140","P1036","1","53.74","53.74","South"
"ORD-5079","2025-02-15","C2281","P1034","1","41.45","41.45","South"
"ORD-5080","2024-03-09","C2424","P1004","4","28.55","114.20","South"
"ORD-5081","2025-12-03","C2382","P1031","3","107.88","323.64","West"
"ORD-5082","2025-05-05","C2205","P1012","2","112.61","225.22","North"
"ORD-5083","2024-03-03","C2350","P1031","2","107.88","215.76","North"
"ORD-5084","2025-07-11","C2230","P1034","7","41.45","290.15","South"
"ORD-5085","2025-12-27","C2424","P1004","5","28.55","142.75","West"
"ORD-5086","2025-07-01","C2423","P1006","1","17.64","17.64","North"
"ORD-5087","2025-01-13","C2194","P1021","2","165.9","331.80","South"
"ORD-5088","2025-11-18","C2461","P1001","6","108.19","649.14","West"
"ORD-5089","2025-03-21","C2062","P1006","7","17.64","123.48","South"
"ORD-5090","2025-03-23","C2028","P1017","5","60.32","301.60","South"
"ORD-5091","2025-02-21","C2473","P1044","10","104.84","1048.40","North"
"ORD-5092","2025-09-01","C2467","P1015","5","52.45","262.25","West"
"ORD-5093","2025-01-30","C2361","P1025","7","185.22","1296.54","West"
"ORD-5094","2025-04-18","C2353","P1021","1","165.9","165.90","North"
"ORD-5095","2025-01-14","C2290","P1044","2","104.84","209.68","East"
"ORD-5096","2025-07-04","C2163","P1039","9","103.45","931.05","North"
"ORD-5097","2024-06-14","C2201","P1013","8","91.3","730.40","South"
"ORD-5098","2024-10-25","C2483","P1014","1","193.35","193.35","South"
"ORD-5099","2025-11-27","C2063","P1043","3","17.22","51.66","West"
"ORD-5100","2024-09-15","C2010","P1024","1","180.47","180.47","South"
"ORD-5101","2025-11-04","C2045","P1030","2","12.47","24.94","East"
"ORD-5102","2024-01-05","C2298","P1044","7","104.84","733.88","North"
"ORD-5103","2025-10-14","C2038","P1041","2","28.49","56.98","West"
"ORD-5104","2024-12-10","C2361","P1040","4","58.12","232.48","West"
"ORD-5105","2025-11-07","C2496","P1048","3","20.28","60.84","West"
"ORD-5106","2025-01-28","C2422","P1035","1","176.31","176.31","North"
"ORD-5107","2025-04-30","C2193","P1022","1","195.89","195.89","North"
"ORD-5108","2024-07-28","C2214","P1013","8","91.3","730.40","East"
"ORD-5109","2024-08-05","C2086","P1027","8","134.32","1074.56","East"
"ORD-5110","2024-12-30","C2301","P1031","8","107.88","863.04","South"
"ORD-5111","2024-03-30","C2198","P1042","10","35.03","350.30","North"
"ORD-5112","2025-09-12","C2242","P1011","6","78.92","473.52","North"
"ORD-5113","2025-09-24","C2037","P1031","4","107.88","431.52","South"
"ORD-5114","2024-07-10","C2004","P1010","1","56.18","56.18","South"
"ORD-5115","2024-01-15","C2409","P1024","3","180.47","541.41","South"
"ORD-5116","2024-07-07","C2130","P1012","2","112.61","225.22","West"
"ORD-5117","2024-02-09","C2055","P1019","10","182.55","1825.50","East"
"ORD-5118","2024-05-04","C2469","P1041","1","28.49","28.49","South"
"ORD-5119","2025-04-17","C2364","P1027","9","134.32","1208.88","West"
"ORD-5120","2024-03-10","C2315","P1001","9","108.19","973.71","North"
"ORD-5121","2024-10-15","C2160","P1005","5","74.61","373.05","North"
"ORD-5122","2025-03-19","C2276","P1013","6","91.3","547.80","North"
"ORD-5123","2024-05-29","C2222","P1039","7","103.45","724.15","North"
"ORD-5124","2024-06-30","C2074","P1047","10","118.95","1189.50","North"
"ORD-5125","2024-10-04","C2493","P1049","1","29.94","29.94","South"
"ORD-5126","2024-10-26","C2441","P1019","2","182.55","365.10","North"
"ORD-5127","2025-05-18","C2320","P1019","1","182.55","182.55","West"
"ORD-5128","2025-10-15","C2011","P1041","7","28.49","199.43","South"
"ORD-5129","2024-10-27","C2425","P1048","9","20.28","182.52","North"
"ORD-5130","2024-09-14","C2377","P1029","6","162.21","973.26","West"
"ORD-5131","2025-02-02","C2317","P1015","6","52.45","314.70","South"
"ORD-5132","2025-01-11","C2367","P1023","5","157.13","785.65","South"
"ORD-5133","2024-09-14","C2086","P1036","4","53.74","214.96","East"
"ORD-5134","2024-07-07","C2471","P1018","4","38.93","155.72","West"
"ORD-5135","2024-10-02","C2195","P1047","3","118.95","356.85","North"
"ORD-5136","2024-12-04","C2324","P1015","9","52.45","472.05","South"
"ORD-5137","2025-11-20","C2311","P1035","1","176.31","176.31","West"
"ORD-5138","2025-01-21","C2192","P1048","3","20.28","60.84","East"
"ORD-5139","2024-09-18","C2044","P1005","7","74.61","522.27","West"
"ORD-5140","2024-10-01","C2176","P1034","8","41.45","331.60","East"
"ORD-5141","2025-01-12","C2475","P1046","7","89.24","624.68","East"
"ORD-5142","2025-04-16","C2193","P1022","10","195.89","1958.90","East"
"ORD-5143","2025-07-27","C2328","P1019","8","182.55","1460.40","South"
"ORD-5144","2024-05-17","C2145","P1045","5","115.1","575.50","East"
"ORD-5145","2025-06-26","C2346","P1014","10","193.35","1933.50","South"
"ORD-5146","2025-06-17","C2189","P1008","5","68.41","342.05","West"
"ORD-5147","2024-12-16","C2331","P1028","9","73.89","665.01","North"
"ORD-5148","2025-06-19","C2271","P1046","1","89.24","89.24","West"
"ORD-5149","2025-06-22","C2127","P1011","5","78.92","394.60","North"
"ORD-5150","2025-04-03","C2350","P1024","6","180.47","1082.82","East"
"ORD-5151","2024-12-03","C2125","P1037","8","49.95","399.60","East"
"ORD-5152","2025-05-14","C2109","P1030","10","12.47","124.70","West"
"ORD-5153","2024-12-27","C2390","P1032","4","52.52","210.08","South"
"ORD-5154","2025-05-23","C2027","P1045","3","115.1","345.30","West"
"ORD-5155","2025-03-12","C2350","P1036","1","53.74","53.74","North"
"ORD-5156","2025-08-27","C2189","P1043","4","17.22","68.88","South"
"ORD-5157","2024-01-02","C2263","P1025","5","185.22","926.10","South"
"ORD-5158","2025-10-26","C2109","P1014","1","193.35","193.35","North"
"ORD-5159","2025-04-29","C2381","P1026","3","64.62","193.86","East"
"ORD-5160","2024-09-06","C2288","P1041","1","28.49","28.49","North"
"ORD-5161","2024-03-09","C2021","P1010","7","56.18","393.26","East"
"ORD-5162","2024-01-03","C2296","P1044","5","104.84","524.20","North"
"ORD-5163","2025-04-21","C2165","P1045","2","115.1","230.20","South"
"ORD-5164","2024-12-27","C2457","P1016","6","34.37","206.22","South"
"ORD-5165","2024-08-02","C2319","P1012","3","112.61","337.83","North"
"ORD-5166","2025-08-12","C2274","P1034","3","41.45","124.35","West"
"ORD-5167","2025-07-24","C2126","P1018","5","38.93","194.65","West"
"ORD-5168","2025-09-27","C2328","P1007","9","162.96","1466.64","West"
"ORD-5169","2024-08-07","C2296","P1025","6","185.22","1111.32","West"
"ORD-5170","2024-09-29","C2219","P1018","9","38.93","350.37","West"
"ORD-5171","2024-11-16","C2398","P1018","6","38.93","233.58","West"
"ORD-5172","2024-07-26","C2130","P1017","9","60.32","542.88","East"
"ORD-5173","2025-12-20","C2459","P1044","8","104.84","838.72","South"
"ORD-5174","2025-08-02","C2443","P1030","9","12.47","112.23","West"
"ORD-5175","2025-03-17","C2444","P1025","8","185.22","1481.76","South"
"ORD-5176","2024-04-25","C2455","P1026","9","64.62","581.58","North"
"ORD-5177","2025-04-04","C2025","P1050","1","48.76","48.76","South"
"ORD-5178","2025-11-20","C2044","P1018","1","38.93","38.93","North"
"ORD-5179","2024-01-23","C2482","P1033","3","18.85","56.55","East"
"ORD-5180","2025-09-24","C2440","P1046","5","89.24","446.20","East"
"ORD-5181","2025-02-11","C2192","P1020","9","24.62","221.58","North"
"ORD-5182","2024-05-08","C2494","P1005","4","74.61","298.44","East"
"ORD-5183","2024-06-19","C2115","P1028","1","73.89","73.89","North"
"ORD-5184","2025-07-18","C2189","P1013","2","91.3","182.60","West"
"ORD-5185","2024-01-12","C2428","P1036","5","53.74","268.70","East"
"ORD-5186","2025-09-02","C2392","P1042","1","35.03","35.03","West"
"ORD-5187","2025-06-12","C2201","P1021","9","165.9","1493.10","West"
"ORD-5188","2025-08-07","C2373","P1030","6","12.47","74.82","South"
"ORD-5189","2024-10-19","C2395","P1045","9","115.1","1035.90","East"
"ORD-5190","2025-01-11","C2213","P1034","8","41.45","331.60","North"
"ORD-5191","2025-07-24","C2366","P1031","6","107.88","647.28","East"
"ORD-5192","2025-11-20","C2346","P1034","9","41.45","373.05","West"
"ORD-5193","2024-09-23","C2373","P1045","2","115.1","230.20","South"
"ORD-5194","2024-05-14","C2274","P1018","7","38.93","272.51","South"
"ORD-5195","2024-02-10","C2361","P1033","8","18.85","150.80","East"
"ORD-5196","2024-11-30","C2046","P1003","7","29.47","206.29","East"
"ORD-5197","2025-02-15","C2475","P1033","2","18.85","37.70","South"
"ORD-5198","2024-06-09","C2111","P1018","4","38.93","155.72","West"
"ORD-5199","2024-07-15","C2426","P1050","8","48.76","390.08","East"
"ORD-5200","2024-12-05","C2018","P1011","1","78.92","78.92","North"
"ORD-5201","2025-05-06","C2280","P1006","4","17.64","70.56","South"
"ORD-5202","2024-03-24","C2133","P1019","9","182.55","1642.95","East"
"ORD-5203","2024-07-25","C2355","P1015","9","52.45","472.05","West"
"ORD-5204","2025-11-14","C2395","P1026","5","64.62","323.10","West"
"ORD-5205","2024-10-16","C2305","P1030","2","12.47","24.94","South"
"ORD-5206","2025-06-12","C2198","P1010","10","56.18","561.80","West"
"ORD-5207","2025-06-01","C2494","P1049","9","29.94","269.46","East"
"ORD-5208","2024-07-21","C2084","P1004","4","28.55","114.20","East"
"ORD-5209","2024-12-16","C2291","P1003","9","29.47","265.23","East"
"ORD-5210","2025-12-16","C2279","P1003","5","29.47","147.35","West"
"ORD-5211","2024-11-17","C2440","P1049","1","29.94","29.94","East"
"ORD-5212","2024-04-04","C2091","P1012","10","112.61","1126.10","South"
"ORD-5213","2024-08-25","C2020","P1014","5","193.35","966.75","West"
"ORD-5214","2024-07-28","C2274","P1026","3","64.62","193.86","West"
"ORD-5215","2024-08-06","C2448","P1036","7","53.74","376.18","North"
"ORD-5216","2024-02-27","C2033","P1012","6","112.61","675.66","West"
"ORD-5217","2024-03-04","C2321","P1044","10","104.84","1048.40","North"
"ORD-5218","2025-03-04","C2045","P1010","6","56.18","337.08","North"
"ORD-5219","2025-07-08","C2310","P1047","9","118.95","1070.55","South"
"ORD-5220","2025-01-22","C2034","P1004","7","28.55","199.85","West"
"ORD-5221","2025-12-08","C2346","P1031","7","107.88","755.16","South"
"ORD-5222","2025-11-05","C2030","P1027","1","134.32","134.32","East"
"ORD-5223","2025-04-13","C2442","P1007","3","162.96","488.88","South"
"ORD-5224","2025-09-10","C2376","P1002","4","89.88","359.52","North"
"ORD-5225","2025-11-22","C2206","P1022","4","195.89","783.56","South"
"ORD-5226","2025-03-19","C2076","P1026","9","64.62","581.58","South"
"ORD-5227","2024-06-10","C2038","P1029","10","162.21","1622.10","South"
"ORD-5228","2025-08-29","C2049","P1037","6","49.95","299.70","West"
"ORD-5229","2025-08-11","C2020","P1050","6","48.76","292.56","East"
"ORD-5230","2024-04-08","C2060","P1027","9","134.32","1208.88","West"
"ORD-5231","2025-05-26","C2297","P1050","2","48.76","97.52","South"
"ORD-5232","2024-05-29","C2487","P1005","9","74.61","671.49","East"
"ORD-5233","2024-05-13","C2029","P1044","1","104.84","104.84","North"
"ORD-5234","2024-12-04","C2459","P1001","2","108.19","216.38","North"
"ORD-5235","2024-09-08","C2377","P1028","4","73.89","295.56","North"
"ORD-5236","2025-10-20","C2292","P1028","6","73.89","443.34","North"
"ORD-5237","2024-04-29","C2123","P1008","6","68.41","410.46","North"
"ORD-5238","2025-01-16","C2150","P1014","1","193.35","193.35","South"
"ORD-5239","2025-01-01","C2217","P1047","5","118.95","594.75","West"
"ORD-5240","2024-06-22","C2328","P1040","3","58.12","174.36","North"
"ORD-5241","2024-05-30","C2076","P1009","4","134.61","538.44","North"
"ORD-5242","2024-06-01","C2128","P1044","8","104.84","838.72","North"
"ORD-5243","2025-07-21","C2233","P1003","8","29.47","235.76","West"
"ORD-5244","2025-07-11","C2022","P1025","9","185.22","1666.98","North"
"ORD-5245","2025-01-04","C2448","P1007","9","162.96","1466.64","South"
"ORD-5246","2025-06-10","C2169","P1031","9","107.88","970.92","North"
"ORD-5247","2025-01-01","C2276","P1034","2","41.45","82.90","North"
"ORD-5248","2025-11-23","C2002","P1045","9","115.1","1035.90","North"
"ORD-5249","2025-02-12","C2332","P1031","9","107.88","970.92","South"
"ORD-5250","2024-11-15","C2465","P1033","1","18.85","18.85","North"
"ORD-5251","2025-04-26","C2326","P1016","8","34.37","274.96","North"
"ORD-5252","2024-11-27","C2322","P1016","9","34.37","309.33","East"
"ORD-5253","2024-01-23","C2275","P1048","6","20.28","121.68","East"
"ORD-5254","2025-03-18","C2071","P1049","8","29.94","239.52","South"
"ORD-5255","2025-10-21","C2043","P1021","4","165.9","663.60","South"
"ORD-5256","2024-12-04","C2421","P1029","7","162.21","1135.47","South"
"ORD-5257","2025-09-24","C2030","P1050","2","48.76","97.52","West"
"ORD-5258","2025-05-26","C2312","P1002","2","89.88","179.76","West"
"ORD-5259","2025-11-27","C2493","P1010","8","56.18","449.44","North"
"ORD-5260","2025-10-28","C2225","P1037","9","49.95","449.55","East"
"ORD-5261","2025-12-27","C2436","P1017","7","60.32","422.24","East"
"ORD-5262","2024-10-30","C2417","P1029","6","162.21","973.26","West"
"ORD-5263","2024-06-06","C2225","P1050","9","48.76","438.84","West"
"ORD-5264","2024-05-04","C2042","P1044","8","104.84","838.72","North"
"ORD-5265","2025-10-09","C2368","P1050","5","48.76","243.80","North"
"ORD-5266","2025-12-25","C2357","P1026","3","64.62","193.86","West"
"ORD-5267","2025-07-21","C2193","P1033","3","18.85","56.55","East"
"ORD-5268","2025-02-24","C2094","P1047","4","118.95","475.80","East"
"ORD-5269","2025-05-12","C2481","P1029","2","162.21","324.42","East"
"ORD-5270","2024-09-06","C2145","P1001","4","108.19","432.76","West"
"ORD-5271","2025-07-28","C2135","P1008","1","68.41","68.41","East"
"ORD-5272","2024-08-30","C2470","P1002","5","89.88","449.40","North"
"ORD-5273","2025-06-25","C2083","P1032","4","52.52","210.08","South"
"ORD-5274","2025-07-23","C2232","P1042","8","35.03","280.24","East"
"ORD-5275","2025-09-02","C2043","P1010","8","56.18","449.44","East"
"ORD-5276","2024-03-12","C2284","P1042","2","35.03","70.06","North"
"ORD-5277","2025-01-28","C2158","P1025","8","185.22","1481.76","East"
"ORD-5278","2024-09-22","C2467","P1014","2","193.35","386.70","East"
"ORD-5279","2024-05-16","C2192","P1032","3","52.52","157.56","South"
"ORD-5280","2024-12-15","C2032","P1031","8","107.88","863.04","West"
"ORD-5281","2025-07-08","C2191","P1039","6","103.45","620.70","South"
"ORD-5282","2024-10-23","C2468","P1048","7","20.28","141.96","West"
"ORD-5283","2024-07-26","C2001","P1047","8","118.95","951.60","North"
"ORD-5284","2025-01-24","C2296","P1050","6","48.76","292.56","South"
"ORD-5285","2025-03-18","C2370","P1016","5","34.37","171.85","South"
"ORD-5286","2025-08-02","C2091","P1038","1","86.37","86.37","South"
"ORD-5287","2024-11-20","C2029","P1027","3","134.32","402.96","North"
"ORD-5288","2024-03-04","C2208","P1026","3","64.62","193.86","West"
"ORD-5289","2025-08-23","C2499","P1011","2","78.92","157.84","North"
"ORD-5290","2024-07-13","C2185","P1029","3","162.21","486.63","East"
"ORD-5291","2025-07-15","C2318","P1034","3","41.45","124.35","North"
"ORD-5292","2024-05-18","C2292","P1045","5","115.1","575.50","South"
"ORD-5293","2024-10-04","C2172","P1001","9","108.19","973.71","West"
"ORD-5294","2025-12-23","C2384","P1005","3","74.61","223.83","East"
"ORD-5295","2024-09-04","C2438","P1030","6","12.47","74.82","West"
"ORD-5296","2024-07-15","C2316","P1035","4","176.31","705.24","East"
"ORD-5297","2024-10-11","C2310","P1044","2","104.84","209.68","West"
"ORD-5298","2024-02-14","C2029","P1010","4","56.18","224.72","East"
"ORD-5299","2025-08-07","C2469","P1047","10","118.95","1189.50","South"
"ORD-5300","2025-07-16","C2327","P1013","6","91.3","547.80","South"
"ORD-5301","2025-07-06","C2312","P1012","7","112.61","788.27","West"
"ORD-5302","2024-06-29","C2103","P1048","6","20.28","121.68","North"
"ORD-5303","2025-06-02","C2466","P1046","7","89.24","624.68","West"
"ORD-5304","2024-05-26","C2495","P1041","5","28.49","142.45","West"
"ORD-5305","2025-09-11","C2449","P1045","3","115.1","345.30","West"
"ORD-5306","2025-08-12","C2182","P1005","7","74.61","522.27","East"
"ORD-5307","2024-07-24","C2013","P1002","4","89.88","359.52","East"
"ORD-5308","2024-08-02","C2087","P1011","5","78.92","394.60","North"
"ORD-5309","2025-02-17","C2036","P1036","2","53.74","107.48","South"
"ORD-5310","2025-04-11","C2305","P1007","10","162.96","1629.60","East"
"ORD-5311","2025-08-14","C2395","P1037","3","49.95","149.85","North"
"ORD-5312","2024-01-03","C2237","P1032","8","52.52","420.16","South"
"ORD-5313","2025-11-24","C2030","P1027","5","134.32","671.60","West"
"ORD-5314","2025-05-27","C2199","P1029","5","162.21","811.05","North"
"ORD-5315","2024-06-29","C2061","P1048","2","20.28","40.56","West"
"ORD-5316","2024-08-02","C2482","P1020","10","24.62","246.20","North"
"ORD-5317","2024-07-12","C2296","P1031","8","107.88","863.04","North"
"ORD-5318","2024-11-03","C2067","P1042","10","35.03","350.30","West"
"ORD-5319","2024-01-01","C2277","P1010","3","56.18","168.54","East"
"ORD-5320","2024-09-10","C2428","P1042","4","35.03","140.12","South"
"ORD-5321","2025-10-20","C2428","P1042","7","35.03","245.21","East"
"ORD-5322","2024-03-17","C2226","P1017","4","60.32","241.28","South"
"ORD-5323","2025-04-19","C2143","P1035","8","176.31","1410.48","South"
"ORD-5324","2025-03-10","C2487","P1017","2","60.32","120.64","East"
"ORD-5325","2024-10-31","C2414","P1014","2","193.35","386.70","East"
"ORD-5326","2025-01-23","C2144","P1027","5","134.32","671.60","East"
"ORD-5327","2025-10-26","C2022","P1042","6","35.03","210.18","West"
"ORD-5328","2025-12-22","C2033","P1042","1","35.03","35.03","North"
"ORD-5329","2025-02-02","C2203","P1012","7","112.61","788.27","South"
"ORD-5330","2025-11-27","C2092","P1009","9","134.61","1211.49","East"
"ORD-5331","2024-01-22","C2337","P1007","9","162.96","1466.64","South"
"ORD-5332","2024-10-05","C2265","P1015","1","52.45","52.45","North"
"ORD-5333","2025-12-20","C2263","P1020","1","24.62","24.62","South"
"ORD-5334","2024-01-21","C2241","P1022","4","195.89","783.56","West"
"ORD-5335","2024-04-02","C2184","P1006","4","17.64","70.56","West"
"ORD-5336","2025-03-28","C2471","P1012","2","112.61","225.22","East"
"ORD-5337","2024-02-26","C2171","P1024","8","180.47","1443.76","South"
"ORD-5338","2024-11-28","C2322","P1021","2","165.9","331.80","North"
"ORD-5339","2025-04-15","C2478","P1023","7","157.13","1099.91","West"
"ORD-5340","2025-08-28","C2148","P1006","3","17.64","52.92","North"
"ORD-5341","2025-12-30","C2134","P1040","1","58.12","58.12","North"
"ORD-5342","2025-05-13","C2365","P1041","5","28.49","142.45","North"
"ORD-5343","2024-06-21","C2318","P1018","7","38.93","272.51","North"
"ORD-5344","2025-01-04","C2440","P1017","9","60.32","542.88","West"
"ORD-5345","2025-04-09","C2078","P1028","6","73.89","443.34","North"
"ORD-5346","2025-07-07","C2172","P1016","3","34.37","103.11","South"
"ORD-5347","2024-12-02","C2265","P1021","5","165.9","829.50","East"
"ORD-5348","2025-11-03","C2243","P1008","8","68.41","547.28","North"
"ORD-5349","2024-08-04","C2177","P1012","7","112.61","788.27","South"
"ORD-5350","2025-04-28","C2270","P1044","1","104.84","104.84","East"
"ORD-5351","2025-09-11","C2173","P1011","5","78.92","394.60","West"
"ORD-5352","2025-01-10","C2214","P1031","10","107.88","1078.80","West"
"ORD-5353","2024-11-25","C2086","P1028","9","73.89","665.01","West"
"ORD-5354","2024-12-25","C2498","P1001","4","108.19","432.76","East"
"ORD-5355","2024-11-25","C2173","P1024","4","180.47","721.88","North"
"ORD-5356","2025-11-06","C2454","P1019","1","182.55","182.55","East"
"ORD-5357","2025-12-11","C2164","P1046","1","89.24","89.24","South"
"ORD-5358","2025-04-21","C2150","P1039","3","103.45","310.35","West"
"ORD-5359","2024-06-26","C2225","P1037","7","49.95","349.65","South"
"ORD-5360","2024-04-12","C2313","P1034","7","41.45","290.15","South"
"ORD-5361","2025-12-30","C2436","P1040","5","58.12","290.60","North"
"ORD-5362","2025-01-17","C2017","P1045","2","115.1","230.20","East"
"ORD-5363","2024-04-29","C2052","P1041","7","28.49","199.43","North"
"ORD-5364","2025-06-29","C2273","P1021","8","165.9","1327.20","East"
"ORD-5365","2025-08-06","C2245","P1022","10","195.89","1958.90","West"
"ORD-5366","2024-06-03","C2336","P1043","1","17.22","17.22","South"
"ORD-5367","2025-11-25","C2413","P1044","1","104.84","104.84","North"
"ORD-5368","2024-11-21","C2199","P1043","10","17.22","172.20","East"
"ORD-5369","2024-02-06","C2120","P1009","5","134.61","673.05","North"
"ORD-5370","2024-04-17","C2442","P1043","2","17.22","34.44","East"
"ORD-5371","2024-05-02","C2217","P1030","9","12.47","112.23","South"
"ORD-5372","2025-03-11","C2164","P1019","10","182.55","1825.50","West"
"ORD-5373","2024-07-24","C2172","P1003","8","29.47","235.76","North"
"ORD-5374","2024-01-22","C2476","P1003","4","29.47","117.88","East"
"ORD-5375","2025-08-05","C2110","P1008","6","68.41","410.46","West"
"ORD-5376","2025-03-30","C2091","P1034","9","41.45","373.05","East"
"ORD-5377","2024-07-30","C2221","P1001","6","108.19","649.14","North"
"ORD-5378","2025-01-24","C2204","P1023","3","157.13","471.39","South"
"ORD-5379","2024-04-14","C2061","P1034","6","41.45","248.70","East"
"ORD-5380","2024-09-09","C2454","P1039","6","103.45","620.70","East"
"ORD-5381","2025-07-02","C2267","P1020","10","24.62","246.20","East"
"ORD-5382","2025-08-24","C2117","P1016","2","34.37","68.74","South"
"ORD-5383","2025-12-26","C2447","P1024","2","180.47","360.94","South"
"ORD-5384","2025-02-11","C2228","P1036","10","53.74","537.40","East"
"ORD-5385","2024-04-16","C2035","P1045","10","115.1","1151.00","East"
"ORD-5386","2025-04-01","C2284","P1038","1","86.37","86.37","West"
"ORD-5387","2025-09-28","C2032","P1047","1","118.95","118.95","West"
"ORD-5388","2024-02-15","C2094","P1033","3","18.85","56.55","West"
"ORD-5389","2025-04-23","C2001","P1011","10","78.92","789.20","West"
"ORD-5390","2024-05-26","C2407","P1023","1","157.13","157.13","South"
"ORD-5391","2024-02-07","C2451","P1050","5","48.76","243.80","North"
"ORD-5392","2025-01-01","C2241","P1048","1","20.28","20.28","East"
"ORD-5393","2025-12-19","C2065","P1011","8","78.92","631.36","East"
"ORD-5394","2025-05-13","C2270","P1024","5","180.47","902.35","West"
"ORD-5395","2025-06-04","C2329","P1013","7","91.3","639.10","South"
"ORD-5396","2025-01-22","C2257","P1010","7","56.18","393.26","East"
"ORD-5397","2025-08-22","C2470","P1017","8","60.32","482.56","South"
"ORD-5398","2024-10-24","C2482","P1007","9","162.96","1466.64","South"
"ORD-5399","2025-07-14","C2384","P1050","9","48.76","438.84","South"
"ORD-5400","2024-07-31","C2315","P1050","10","48.76","487.60","South"
"ORD-5401","2024-01-01","C2191","P1042","7","35.03","245.21","East"
"ORD-5402","2024-03-19","C2076","P1029","7","162.21","1135.47","East"
"ORD-5403","2025-11-18","C2376","P1011","4","78.92","315.68","South"
"ORD-5404","2025-10-30","C2384","P1035","3","176.31","528.93","West"
"ORD-5405","2025-03-17","C2197","P1034","5","41.45","207.25","East"
"ORD-5406","2025-10-27","C2012","P1002","10","89.88","898.80","East"
"ORD-5407","2025-05-16","C2092","P1046","4","89.24","356.96","East"
"ORD-5408","2025-03-24","C2147","P1009","7","134.61","942.27","North"
"ORD-5409","2025-08-24","C2207","P1049","5","29.94","149.70","East"
"ORD-5410","2025-12-26","C2369","P1026","5","64.62","323.10","North"
"ORD-5411","2024-02-09","C2058","P1012","4","112.61","450.44","West"
"ORD-5412","2024-03-26","C2472","P1017","4","60.32","241.28","East"
"ORD-5413","2025-07-25","C2385","P1028","3","73.89","221.67","North"
"ORD-5414","2025-05-02","C2309","P1029","5","162.21","811.05","West"
"ORD-5415","2024-01-27","C2432","P1036","4","53.74","214.96","South"
"ORD-5416","2024-10-23","C2007","P1015","1","52.45","52.45","West"
"ORD-5417","2024-12-26","C2133","P1030","4","12.47","49.88","North"
"ORD-5418","2025-02-23","C2204","P1001","10","108.19","1081.90","South"
"ORD-5419","2024-05-01","C2070","P1007","10","162.96","1629.60","West"
"ORD-5420","2025-07-19","C2009","P1036","1","53.74","53.74","North"
"ORD-5421","2024-10-08","C2471","P1028","3","73.89","221.67","East"
"ORD-5422","2024-12-27","C2086","P1045","6","115.1","690.60","East"
"ORD-5423","2025-05-11","C2144","P1047","1","118.95","118.95","South"
"ORD-5424","2025-12-08","C2253","P1004","8","28.55","228.40","West"
"ORD-5425","2025-08-27","C2103","P1030","7","12.47","87.29","West"
"ORD-5426","2025-08-30","C2451","P1026","3","64.62","193.86","North"
"ORD-5427","2024-06-30","C2469","P1048","7","20.28","141.96","West"
"ORD-5428","2025-12-24","C2379","P1035","1","176.31","176.31","East"
"ORD-5429","2025-04-04","C2273","P1002","5","89.88","449.40","South"
"ORD-5430","2024-01-29","C2118","P1041","10","28.49","284.90","East"
"ORD-5431","2025-08-04","C2081","P1015","10","52.45","524.50","South"
"ORD-5432","2024-10-05","C2301","P1018","5","38.93","194.65","East"
"ORD-5433","2024-03-13","C2458","P1012","9","112.61","1013.49","West"
"ORD-5434","2024-09-10","C2333","P1024","5","180.47","902.35","East"
"ORD-5435","2024-11-03","C2073","P1031","7","107.88","755.16","North"
"ORD-5436","2025-12-18","C2354","P1040","2","58.12","116.24","South"
"ORD-5437","2025-08-23","C2008","P1021","4","165.9","663.60","West"
"ORD-5438","2025-11-25","C2056","P1016","1","34.37","34.37","East"
"ORD-5439","2024-09-04","C2354","P1050","3","48.76","146.28","East"
"ORD-5440","2025-09-06","C2241","P1026","1","64.62","64.62","South"
"ORD-5441","2025-08-10","C2204","P1018","3","38.93","116.79","South"
"ORD-5442","2025-01-07","C2193","P1041","1","28.49","28.49","East"
"ORD-5443","2024-01-31","C2498","P1046","1","89.24","89.24","North"
"ORD-5444","2024-10-13","C2408","P1017","2","60.32","120.64","North"
"ORD-5445","2025-08-06","C2461","P1011","3","78.92","236.76","East"
"ORD-5446","2024-12-19","C2173","P1039","10","103.45","1034.50","South"
"ORD-5447","2025-03-01","C2314","P1027","9","134.32","1208.88","West"
"ORD-5448","2025-08-14","C2149","P1020","9","24.62","221.58","North"
"ORD-5449","2024-05-18","C2447","P1001","8","108.19","865.52","South"
"ORD-5450","2024-08-01","C2268","P1009","2","134.61","269.22","East"
"ORD-5451","2025-12-28","C2369","P1020","8","24.62","196.96","South"
"ORD-5452","2024-07-14","C2495","P1001","2","108.19","216.38","West"
"ORD-5453","2025-12-29","C2295","P1014","1","193.35","193.35","East"
"ORD-5454","2024-09-25","C2073","P1043","5","17.22","86.10","West"
"ORD-5455","2025-11-08","C2050","P1039","8","103.45","827.60","West"
"ORD-5456","2025-09-18","C2396","P1015","2","52.45","104.90","East"
"ORD-5457","2025-05-01","C2175","P1010","4","56.18","224.72","West"
"ORD-5458","2024-01-11","C2401","P1045","5","115.1","575.50","West"
"ORD-5459","2025-06-22","C2208","P1021","3","165.9","497.70","East"
"ORD-5460","2024-10-13","C2436","P1017","4","60.32","241.28","South"
"ORD-5461","2025-07-10","C2453","P1049","2","29.94","59.88","West"
"ORD-5462","2024-06-29","C2142","P1018","10","38.93","389.30","North"
"ORD-5463","2024-03-19","C2158","P1018","9","38.93","350.37","West"
"ORD-5464","2025-05-13","C2125","P1042","6","35.03","210.18","East"
"ORD-5465","2024-09-19","C2166","P1037","2","49.95","99.90","North"
"ORD-5466","2024-10-30","C2183","P1015","7","52.45","367.15","North"
"ORD-5467","2025-05-03","C2380","P1027","8","134.32","1074.56","South"
"ORD-5468","2024-07-23","C2275","P1034","5","41.45","207.25","South"
"ORD-5469","2025-08-17","C2016","P1036","2","53.74","107.48","East"
"ORD-5470","2025-05-09","C2410","P1032","4","52.52","210.08","North"
"ORD-5471","2025-11-27","C2378","P1033","3","18.85","56.55","South"
"ORD-5472","2025-11-19","C2130","P1017","8","60.32","482.56","North"
"ORD-5473","2024-12-27","C2254","P1044","1","104.84","104.84","North"
"ORD-5474","2025-10-06","C2239","P1018","10","38.93","389.30","South"
"ORD-5475","2024-02-13","C2026","P1029","9","162.21","1459.89","North"
"ORD-5476","2024-09-12","C2296","P1031","5","107.88","539.40","West"
"ORD-5477","2025-05-31","C2128","P1021","3","165.9","497.70","East"
"ORD-5478","2025-07-14","C2338","P1009","6","134.61","807.66","South"
"ORD-5479","2025-01-08","C2303","P1011","3","78.92","236.76","West"
"ORD-5480","2024-04-16","C2229","P1008","7","68.41","478.87","East"
"ORD-5481","2025-03-26","C2136","P1037","4","49.95","199.80","West"
"ORD-5482","2025-02-21","C2408","P1025","1","185.22","185.22","East"
"ORD-5483","2024-03-05","C2063","P1045","7","115.1","805.70","West"
"ORD-5484","2024-07-15","C2325","P1029","4","162.21","648.84","East"
"ORD-5485","2024-04-06","C2059","P1032","7","52.52","367.64","East"
"ORD-5486","2025-11-10","C2475","P1005","9","74.61","671.49","South"
"ORD-5487","2025-04-09","C2246","P1050","7","48.76","341.32","South"
"ORD-5488","2024-09-03","C2262","P1041","3","28.49","85.47","East"
"ORD-5489","2025-01-10","C2447","P1008","8","68.41","547.28","South"
"ORD-5490","2024-04-04","C2073","P1019","3","182.55","547.65","North"
"ORD-5491","2024-07-28","C2311","P1012","4","112.61","450.44","West"
"ORD-5492","2024-11-28","C2210","P1049","3","29.94","89.82","South"
"ORD-5493","2025-02-06","C2160","P1028","5","73.89","369.45","East"
"ORD-5494","2025-12-01","C2193","P1040","8","58.12","464.96","South"
"ORD-5495","2025-01-29","C2234","P1009","6","134.61","807.66","East"
"ORD-5496","2025-07-11","C2381","P1010","2","56.18","112.36","North"
"ORD-5497","2024-05-17","C2043","P1028","10","73.89","738.90","East"
"ORD-5498","2024-05-26","C2211","P1002","5","89.88","449.40","North"
"ORD-5499","2025-02-18","C2343","P1005","5","74.61","373.05","West"
"ORD-5500","2024-02-09","C2146","P1038","3","86.37","259.11","West"
"ORD-5501","2025-05-21","C2053","P1021","2","165.9","331.80","East"
"ORD-5502","2024-04-10","C2428","P1024","7","180.47","1263.29","West"
"ORD-5503","2024-02-05","C2233","P1014","1","193.35","193.35","East"
"ORD-5504","2024-04-24","C2183","P1015","3","52.45","157.35","West"
"ORD-5505","2025-12-13","C2147","P1008","8","68.41","547.28","North"
"ORD-5506","2025-07-15","C2469","P1014","3","193.35","580.05","West"
"ORD-5507","2025-10-03","C2109","P1038","9","86.37","777.33","North"
"ORD-5508","2024-09-20","C2426","P1025","3","185.22","555.66","South"
"ORD-5509","2024-01-30","C2342","P1019","8","182.55","1460.40","South"
"ORD-5510","2024-11-09","C2373","P1038","4","86.37","345.48","South"
"ORD-5511","2024-12-27","C2493","P1002","5","89.88","449.40","North"
"ORD-5512","2025-01-23","C2427","P1028","7","73.89","517.23","South"
"ORD-5513","2025-07-07","C2491","P1029","2","162.21","324.42","East"
"ORD-5514","2025-09-03","C2242","P1023","10","157.13","1571.30","East"
"ORD-5515","2025-07-18","C2389","P1003","4","29.47","117.88","North"
"ORD-5516","2024-10-11","C2101","P1041","10","28.49","284.90","North"
"ORD-5517","2024-06-07","C2028","P1049","1","29.94","29.94","East"
"ORD-5518","2024-01-19","C2354","P1005","3","74.61","223.83","South"
"ORD-5519","2025-11-17","C2493","P1016","4","34.37","137.48","East"
"ORD-5520","2024-01-27","C2098","P1045","10","115.1","1151.00","South"
"ORD-5521","2024-08-27","C2213","P1008","9","68.41","615.69","East"
"ORD-5522","2024-01-31","C2242","P1002","5","89.88","449.40","South"
"ORD-5523","2024-08-26","C2270","P1015","1","52.45","52.45","North"
"ORD-5524","2024-11-04","C2034","P1006","9","17.64","158.76","North"
"ORD-5525","2025-06-03","C2500","P1018","2","38.93","77.86","West"
"ORD-5526","2025-10-23","C2365","P1029","6","162.21","973.26","North"
"ORD-5527","2024-02-06","C2315","P1028","7","73.89","517.23","East"
"ORD-5528","2025-04-04","C2094","P1013","1","91.3","91.30","South"
"ORD-5529","2025-07-21","C2099","P1015","3","52.45","157.35","South"
"ORD-5530","2024-03-24","C2425","P1041","4","28.49","113.96","East"
"ORD-5531","2025-05-16","C2253","P1022","7","195.89","1371.23","West"
"ORD-5532","2024-01-07","C2243","P1015","10","52.45","524.50","South"
"ORD-5533","2024-04-05","C2452","P1038","10","86.37","863.70","South"
"ORD-5534","2025-01-27","C2133","P1045","9","115.1","1035.90","South"
"ORD-5535","2024-08-01","C2491","P1002","3","89.88","269.64","East"
"ORD-5536","2024-07-08","C2038","P1026","4","64.62","258.48","South"
"ORD-5537","2025-02-06","C2400","P1037","7","49.95","349.65","East"
"ORD-5538","2024-10-09","C2447","P1001","9","108.19","973.71","East"
"ORD-5539","2025-11-25","C2305","P1047","8","118.95","951.60","South"
"ORD-5540","2024-10-23","C2343","P1026","6","64.62","387.72","East"
"ORD-5541","2025-03-25","C2416","P1044","5","104.84","524.20","North"
"ORD-5542","2025-05-27","C2477","P1043","2","17.22","34.44","North"
"ORD-5543","2025-05-12","C2037","P1013","2","91.3","182.60","North"
"ORD-5544","2025-09-18","C2173","P1002","4","89.88","359.52","West"
"ORD-5545","2024-06-03","C2182","P1033","9","18.85","169.65","North"
"ORD-5546","2024-05-01","C2052","P1024","5","180.47","902.35","East"
"ORD-5547","2025-08-03","C2360","P1028","7","73.89","517.23","South"
"ORD-5548","2025-08-06","C2339","P1002","3","89.88","269.64","West"
"ORD-5549","2025-10-15","C2042","P1026","2","64.62","129.24","South"
"ORD-5550","2025-10-09","C2064","P1018","7","38.93","272.51","North"
"ORD-5551","2025-08-20","C2279","P1002","4","89.88","359.52","East"
"ORD-5552","2024-12-11","C2359","P1033","5","18.85","94.25","South"
"ORD-5553","2025-07-21","C2234","P1009","10","134.61","1346.10","South"
"ORD-5554","2025-04-17","C2460","P1022","6","195.89","1175.34","North"
"ORD-5555","2025-06-01","C2255","P1041","6","28.49","170.94","West"
"ORD-5556","2025-03-02","C2137","P1015","5","52.45","262.25","East"
"ORD-5557","2024-09-16","C2478","P1039","7","103.45","724.15","West"
"ORD-5558","2025-10-16","C2330","P1006","10","17.64","176.40","North"
"ORD-5559","2024-04-29","C2254","P1026","2","64.62","129.24","West"
"ORD-5560","2025-05-14","C2201","P1005","6","74.61","447.66","South"
"ORD-5561","2024-11-30","C2387","P1007","4","162.96","651.84","East"
"ORD-5562","2024-11-18","C2111","P1018","9","38.93","350.37","West"
"ORD-5563","2025-10-02","C2109","P1022","5","195.89","979.45","West"
"ORD-5564","2025-05-13","C2358","P1014","2","193.35","386.70","East"
"ORD-5565","2025-11-04","C2140","P1022","2","195.89","391.78","West"
"ORD-5566","2024-12-28","C2073","P1027","9","134.32","1208.88","South"
"ORD-5567","2024-02-17","C2293","P1047","9","118.95","1070.55","North"
"ORD-5568","2024-01-26","C2302","P1024","3","180.47","541.41","West"
"ORD-5569","2024-09-12","C2225","P1032","8","52.52","420.16","East"
"ORD-5570","2024-01-17","C2394","P1030","7","12.47","87.29","South"
"ORD-5571","2025-07-27","C2290","P1002","5","89.88","449.40","South"
"ORD-5572","2024-06-09","C2300","P1012","10","112.61","1126.10","South"
"ORD-5573","2024-07-10","C2053","P1039","1","103.45","103.45","West"
"ORD-5574","2025-01-20","C2214","P1031","2","107.88","215.76","North"
"ORD-5575","2025-11-22","C2394","P1011","5","78.92","394.60","East"
"ORD-5576","2025-12-27","C2414","P1008","3","68.41","205.23","South"
"ORD-5577","2024-08-07","C2405","P1026","4","64.62","258.48","South"
"ORD-5578","2024-08-29","C2251","P1033","4","18.85","75.40","North"
"ORD-5579","2025-10-22","C2132","P1001","4","108.19","432.76","South"
"ORD-5580","2024-12-03","C2379","P1022","8","195.89","1567.12","North"
"ORD-5581","2025-01-18","C2022","P1010","4","56.18","224.72","West"
"ORD-5582","2024-02-29","C2029","P1035","8","176.31","1410.48","North"
"ORD-5583","2025-10-26","C2226","P1049","1","29.94","29.94","North"
"ORD-5584","2025-03-04","C2303","P1036","5","53.74","268.70","North"
"ORD-5585","2024-02-21","C2449","P1012","10","112.61","1126.10","West"
"ORD-5586","2024-06-10","C2375","P1010","10","56.18","561.80","South"
"ORD-5587","2025-04-02","C2008","P1011","10","78.92","789.20","South"
"ORD-5588","2024-02-15","C2381","P1023","5","157.13","785.65","South"
"ORD-5589","2024-10-10","C2129","P1034","2","41.45","82.90","South"
"ORD-5590","2025-07-29","C2049","P1046","8","89.24","713.92","North"
"ORD-5591","2024-08-19","C2302","P1033","3","18.85","56.55","East"
"ORD-5592","2025-08-27","C2447","P1032","9","52.52","472.68","East"
"ORD-5593","2024-08-16","C2145","P1009","10","134.61","1346.10","South"
"ORD-5594","2024-03-12","C2319","P1029","10","162.21","1622.10","West"
"ORD-5595","2024-06-18","C2138","P1023","6","157.13","942.78","West"
"ORD-5596","2025-01-11","C2399","P1026","6","64.62","387.72","South"
"ORD-5597","2025-10-31","C2048","P1026","4","64.62","258.48","West"
"ORD-5598","2024-07-07","C2395","P1034","5","41.45","207.25","East"
"ORD-5599","2025-02-08","C2491","P1015","5","52.45","262.25","West"
"ORD-5600","2025-07-09","C2174","P1043","10","17.22","172.20","West"
"ORD-5601","2025-02-01","C2305","P1031","6","107.88","647.28","West"
"ORD-5602","2024-08-11","C2113","P1016","2","34.37","68.74","South"
"ORD-5603","2025-12-22","C2452","P1012","3","112.61","337.83","South"
"ORD-5604","2024-08-02","C2494","P1012","4","112.61","450.44","East"
"ORD-5605","2025-06-22","C2472","P1016","1","34.37","34.37","South"
"ORD-5606","2025-05-25","C2174","P1043","7","17.22","120.54","South"
"ORD-5607","2025-10-25","C2191","P1020","6","24.62","147.72","South"
"ORD-5608","2025-03-21","C2213","P1012","4","112.61","450.44","North"
"ORD-5609","2024-10-11","C2364","P1047","8","118.95","951.60","South"
"ORD-5610","2025-11-06","C2381","P1033","10","18.85","188.50","East"
"ORD-5611","2024-04-13","C2351","P1012","4","112.61","450.44","South"
"ORD-5612","2025-06-28","C2103","P1023","2","157.13","314.26","North"
"ORD-5613","2025-04-03","C2096","P1021","1","165.9","165.90","West"
"ORD-5614","2024-03-24","C2495","P1007","6","162.96","977.76","East"
"ORD-5615","2024-08-05","C2215","P1034","6","41.45","248.70","South"
"ORD-5616","2024-12-09","C2002","P1049","3","29.94","89.82","North"
"ORD-5617","2024-10-08","C2211","P1048","10","20.28","202.80","South"
"ORD-5618","2025-03-18","C2096","P1030","1","12.47","12.47","South"
"ORD-5619","2025-05-10","C2452","P1001","2","108.19","216.38","North"
"ORD-5620","2024-08-27","C2401","P1033","9","18.85","169.65","East"
"ORD-5621","2025-04-27","C2315","P1010","4","56.18","224.72","South"
"ORD-5622","2025-05-04","C2306","P1036","6","53.74","322.44","East"
"ORD-5623","2025-06-29","C2444","P1018","8","38.93","311.44","South"
"ORD-5624","2024-08-28","C2174","P1039","4","103.45","413.80","East"
"ORD-5625","2024-03-11","C2037","P1029","1","162.21","162.21","North"
"ORD-5626","2025-04-25","C2424","P1037","5","49.95","249.75","East"
"ORD-5627","2025-03-24","C2350","P1030","5","12.47","62.35","North"
"ORD-5628","2025-09-23","C2026","P1021","10","165.9","1659.00","East"
"ORD-5629","2025-06-18","C2284","P1025","5","185.22","926.10","North"
"ORD-5630","2025-07-31","C2490","P1006","4","17.64","70.56","South"
"ORD-5631","2024-03-18","C2194","P1013","9","91.3","821.70","West"
"ORD-5632","2024-02-06","C2461","P1013","5","91.3","456.50","South"
"ORD-5633","2024-02-25","C2031","P1003","6","29.47","176.82","South"
"ORD-5634","2025-09-20","C2143","P1016","3","34.37","103.11","East"
"ORD-5635","2024-09-08","C2265","P1011","4","78.92","315.68","East"
"ORD-5636","2024-09-26","C2354","P1025","8","185.22","1481.76","South"
"ORD-5637","2025-06-27","C2488","P1008","9","68.41","615.69","East"
"ORD-5638","2025-10-30","C2084","P1041","5","28.49","142.45","North"
"ORD-5639","2025-05-04","C2500","P1020","9","24.62","221.58","North"
"ORD-5640","2025-05-14","C2444","P1026","4","64.62","258.48","East"
"ORD-5641","2024-09-08","C2376","P1038","9","86.37","777.33","North"
"ORD-5642","2025-12-13","C2168","P1050","5","48.76","243.80","East"
"ORD-5643","2024-06-12","C2493","P1024","4","180.47","721.88","East"
"ORD-5644","2025-12-25","C2366","P1006","4","17.64","70.56","West"
"ORD-5645","2024-01-17","C2489","P1034","4","41.45","165.80","North"
"ORD-5646","2024-05-07","C2117","P1048","3","20.28","60.84","West"
"ORD-5647","2025-04-29","C2368","P1029","6","162.21","973.26","South"
"ORD-5648","2025-06-07","C2200","P1047","7","118.95","832.65","South"
"ORD-5649","2024-09-25","C2145","P1005","6","74.61","447.66","East"
"ORD-5650","2024-07-03","C2386","P1045","8","115.1","920.80","East"
"ORD-5651","2025-08-22","C2409","P1046","9","89.24","803.16","North"
"ORD-5652","2024-11-12","C2482","P1018","2","38.93","77.86","South"
"ORD-5653","2024-10-04","C2475","P1009","8","134.61","1076.88","East"
"ORD-5654","2024-01-26","C2060","P1002","9","89.88","808.92","North"
"ORD-5655","2024-02-05","C2482","P1034","1","41.45","41.45","North"
"ORD-5656","2025-01-23","C2110","P1034","2","41.45","82.90","North"
"ORD-5657","2025-08-28","C2240","P1031","7","107.88","755.16","West"
"ORD-5658","2025-09-16","C2200","P1025","10","185.22","1852.20","East"
"ORD-5659","2024-08-05","C2070","P1041","3","28.49","85.47","North"
"ORD-5660","2024-06-09","C2236","P1029","10","162.21","1622.10","South"
"ORD-5661","2024-01-19","C2356","P1037","3","49.95","149.85","West"
"ORD-5662","2025-02-06","C2089","P1003","4","29.47","117.88","North"
"ORD-5663","2025-02-12","C2242","P1031","1","107.88","107.88","East"
"ORD-5664","2025-01-06","C2172","P1011","4","78.92","315.68","West"
"ORD-5665","2025-06-01","C2340","P1028","7","73.89","517.23","West"
"ORD-5666","2024-03-12","C2298","P1041","1","28.49","28.49","East"
"ORD-5667","2024-11-12","C2405","P1004","10","28.55","285.50","West"
"ORD-5668","2024-09-24","C2130","P1002","10","89.88","898.80","South"
"ORD-5669","2024-04-24","C2422","P1004","8","28.55","228.40","East"
"ORD-5670","2025-09-04","C2168","P1029","4","162.21","648.84","South"
"ORD-5671","2025-04-16","C2395","P1006","4","17.64","70.56","South"
"ORD-5672","2025-09-22","C2263","P1038","9","86.37","777.33","West"
"ORD-5673","2024-06-19","C2020","P1043","2","17.22","34.44","North"
"ORD-5674","2025-12-08","C2495","P1007","1","162.96","162.96","South"
"ORD-5675","2025-03-18","C2355","P1013","3","91.3","273.90","East"
"ORD-5676","2025-07-20","C2453","P1011","3","78.92","236.76","South"
"ORD-5677","2024-02-18","C2257","P1021","2","165.9","331.80","West"
"ORD-5678","2025-02-23","C2460","P1045","4","115.1","460.40","East"
"ORD-5679","2024-01-05","C2214","P1031","7","107.88","755.16","East"
"ORD-5680","2025-06-14","C2213","P1007","10","162.96","1629.60","South"
"ORD-5681","2025-08-22","C2031","P1030","3","12.47","37.41","North"
"ORD-5682","2024-04-07","C2438","P1007","3","162.96","488.88","East"
"ORD-5683","2025-03-02","C2372","P1005","1","74.61","74.61","East"
"ORD-5684","2024-01-22","C2380","P1004","7","28.55","199.85","North"
"ORD-5685","2024-11-12","C2218","P1001","6","108.19","649.14","West"
"ORD-5686","2024-01-21","C2086","P1030","4","12.47","49.88","West"
"ORD-5687","2024-10-08","C2448","P1014","6","193.35","1160.10","East"
"ORD-5688","2025-10-04","C2409","P1028","10","73.89","738.90","West"
"ORD-5689","2025-07-03","C2134","P1004","1","28.55","28.55","East"
"ORD-5690","2024-08-22","C2350","P1026","8","64.62","516.96","East"
"ORD-5691","2024-04-16","C2256","P1034","4","41.45","165.80","North"
"ORD-5692","2024-07-27","C2399","P1025","7","185.22","1296.54","South"
"ORD-5693","2025-04-09","C2400","P1035","1","176.31","176.31","East"
"ORD-5694","2024-01-27","C2012","P1048","2","20.28","40.56","West"
"ORD-5695","2024-01-06","C2130","P1036","10","53.74","537.40","West"
"ORD-5696","2024-06-30","C2123","P1015","10","52.45","524.50","South"
"ORD-5697","2025-04-05","C2406","P1003","8","29.47","235.76","North"
"ORD-5698","2025-01-15","C2466","P1032","9","52.52","472.68","North"
"ORD-5699","2024-06-15","C2452","P1031","2","107.88","215.76","South"
"ORD-5700","2024-03-24","C2109","P1004","7","28.55","199.85","North"
"ORD-5701","2025-01-11","C2205","P1038","5","86.37","431.85","East"
"ORD-5702","2024-04-15","C2161","P1025","10","185.22","1852.20","North"
"ORD-5703","2025-08-09","C2211","P1009","6","134.61","807.66","North"
"ORD-5704","2024-12-30","C2453","P1014","2","193.35","386.70","South"
"ORD-5705","2024-04-04","C2264","P1022","5","195.89","979.45","East"
"ORD-5706","2025-03-29","C2477","P1017","1","60.32","60.32","West"
"ORD-5707","2024-03-03","C2400","P1049","10","29.94","299.40","West"
"ORD-5708","2024-03-29","C2225","P1027","10","134.32","1343.20","North"
"ORD-5709","2025-04-28","C2176","P1040","10","58.12","581.20","West"
"ORD-5710","2024-11-02","C2313","P1046","10","89.24","892.40","South"
"ORD-5711","2024-01-22","C2489","P1014","4","193.35","773.40","East"
"ORD-5712","2025-02-01","C2109","P1037","6","49.95","299.70","West"
"ORD-5713","2024-04-29","C2195","P1022","9","195.89","1763.01","North"
"ORD-5714","2024-05-05","C2135","P1021","10","165.9","1659.00","West"
"ORD-5715","2025-02-06","C2198","P1035","7","176.31","1234.17","South"
"ORD-5716","2025-11-06","C2097","P1012","9","112.61","1013.49","West"
"ORD-5717","2024-04-04","C2464","P1003","10","29.47","294.70","South"
"ORD-5718","2024-01-22","C2322","P1027","9","134.32","1208.88","West"
"ORD-5719","2024-12-18","C2454","P1027","1","134.32","134.32","West"
"ORD-5720","2025-12-26","C2048","P1038","8","86.37","690.96","East"
"ORD-5721","2024-09-01","C2497","P1028","9","73.89","665.01","South"
"ORD-5722","2025-03-10","C2339","P1006","2","17.64","35.28","North"
"ORD-5723","2025-11-19","C2374","P1043","3","17.22","51.66","East"
"ORD-5724","2025-11-29","C2483","P1048","9","20.28","182.52","West"
"ORD-5725","2025-01-16","C2154","P1005","6","74.61","447.66","South"
"ORD-5726","2025-11-30","C2131","P1011","4","78.92","315.68","East"
"ORD-5727","2025-02-02","C2118","P1016","5","34.37","171.85","West"
"ORD-5728","2024-11-04","C2308","P1047","3","118.95","356.85","South"
"ORD-5729","2024-07-16","C2441","P1042","6","35.03","210.18","South"
"ORD-5730","2024-01-05","C2050","P1037","8","49.95","399.60","North"
"ORD-5731","2025-10-06","C2035","P1032","3","52.52","157.56","East"
"ORD-5732","2024-05-16","C2497","P1040","3","58.12","174.36","South"
"ORD-5733","2024-05-23","C2071","P1005","6","74.61","447.66","North"
"ORD-5734","2025-08-16","C2019","P1006","6","17.64","105.84","East"
"ORD-5735","2025-10-24","C2088","P1025","8","185.22","1481.76","East"
"ORD-5736","2024-12-25","C2245","P1035","9","176.31","1586.79","West"
"ORD-5737","2025-08-26","C2488","P1023","1","157.13","157.13","North"
"ORD-5738","2024-04-07","C2322","P1047","7","118.95","832.65","West"
"ORD-5739","2025-02-04","C2052","P1024","7","180.47","1263.29","East"
"ORD-5740","2025-02-13","C2401","P1031","2","107.88","215.76","East"
"ORD-5741","2024-02-13","C2029","P1039","1","103.45","103.45","West"
"ORD-5742","2025-08-16","C2353","P1004","7","28.55","199.85","South"
"ORD-5743","2025-09-21","C2278","P1049","4","29.94","119.76","North"
"ORD-5744","2025-06-08","C2101","P1047","2","118.95","237.90","East"
"ORD-5745","2025-11-26","C2437","P1033","1","18.85","18.85","North"
"ORD-5746","2025-12-06","C2450","P1001","7","108.19","757.33","West"
"ORD-5747","2025-10-01","C2176","P1040","5","58.12","290.60","West"
"ORD-5748","2025-12-13","C2309","P1025","8","185.22","1481.76","South"
"ORD-5749","2025-05-11","C2491","P1044","8","104.84","838.72","East"
"ORD-5750","2024-09-23","C2268","P1040","8","58.12","464.96","East"
"ORD-5751","2024-02-12","C2275","P1029","9","162.21","1459.89","East"
"ORD-5752","2024-03-27","C2012","P1008","1","68.41","68.41","East"
"ORD-5753","2025-03-17","C2027","P1046","7","89.24","624.68","East"
"ORD-5754","2025-06-19","C2092","P1015","7","52.45","367.15","West"
"ORD-5755","2024-06-15","C2129","P1028","10","73.89","738.90","West"
"ORD-5756","2025-07-09","C2040","P1048","6","20.28","121.68","West"
"ORD-5757","2024-11-27","C2196","P1017","8","60.32","482.56","West"
"ORD-5758","2024-02-02","C2205","P1038","2","86.37","172.74","North"
"ORD-5759","2024-12-02","C2055","P1003","10","29.47","294.70","East"
"ORD-5760","2024-11-29","C2350","P1041","10","28.49","284.90","East"
"ORD-5761","2025-10-07","C2384","P1007","8","162.96","1303.68","North"
"ORD-5762","2025-05-14","C2219","P1026","1","64.62","64.62","South"
"ORD-5763","2024-09-08","C2222","P1001","8","108.19","865.52","South"
"ORD-5764","2024-12-29","C2441","P1047","9","118.95","1070.55","South"
"ORD-5765","2025-10-26","C2076","P1023","7","157.13","1099.91","East"
"ORD-5766","2024-07-09","C2378","P1028","7","73.89","517.23","North"
"ORD-5767","2025-03-06","C2307","P1006","8","17.64","141.12","West"
"ORD-5768","2025-07-09","C2180","P1032","2","52.52","105.04","East"
"ORD-5769","2024-09-01","C2249","P1009","8","134.61","1076.88","South"
"ORD-5770","2024-01-05","C2155","P1003","2","29.47","58.94","East"
"ORD-5771","2025-02-18","C2267","P1017","4","60.32","241.28","West"
"ORD-5772","2024-12-22","C2465","P1019","5","182.55","912.75","North"
"ORD-5773","2025-07-18","C2191","P1010","4","56.18","224.72","West"
"ORD-5774","2025-11-13","C2469","P1032","3","52.52","157.56","West"
"ORD-5775","2025-02-14","C2423","P1038","2","86.37","172.74","West"
"ORD-5776","2025-11-06","C2229","P1038","10","86.37","863.70","West"
"ORD-5777","2024-05-05","C2468","P1015","2","52.45","104.90","West"
"ORD-5778","2025-01-10","C2137","P1027","4","134.32","537.28","South"
"ORD-5779","2024-04-29","C2063","P1011","5","78.92","394.60","East"
"ORD-5780","2024-07-17","C2307","P1012","8","112.61","900.88","West"
"ORD-5781","2024-06-19","C2216","P1020","9","24.62","221.58","West"
"ORD-5782","2025-08-31","C2108","P1012","4","112.61","450.44","South"
"ORD-5783","2025-05-07","C2279","P1046","2","89.24","178.48","North"
"ORD-5784","2024-11-03","C2282","P1018","6","38.93","233.58","North"
"ORD-5785","2024-04-07","C2451","P1003","1","29.47","29.47","North"
"ORD-5786","2024-01-12","C2038","P1045","5","115.1","575.50","North"
"ORD-5787","2024-10-19","C2177","P1041","10","28.49","284.90","North"
"ORD-5788","2025-11-16","C2475","P1050","9","48.76","438.84","East"
"ORD-5789","2024-10-25","C2409","P1004","7","28.55","199.85","South"
"ORD-5790","2024-06-30","C2344","P1047","5","118.95","594.75","West"
"ORD-5791","2025-05-17","C2049","P1037","6","49.95","299.70","West"
"ORD-5792","2024-07-28","C2028","P1002","2","89.88","179.76","West"
"ORD-5793","2024-09-04","C2372","P1019","3","182.55","547.65","West"
"ORD-5794","2025-08-26","C2180","P1015","2","52.45","104.90","East"
"ORD-5795","2024-10-13","C2234","P1018","5","38.93","194.65","North"
"ORD-5796","2024-06-02","C2149","P1040","9","58.12","523.08","West"
"ORD-5797","2025-08-18","C2368","P1013","7","91.3","639.10","South"
"ORD-5798","2025-05-24","C2365","P1046","1","89.24","89.24","North"
"ORD-5799","2025-04-16","C2197","P1027","8","134.32","1074.56","South"
"ORD-5800","2025-10-28","C2161","P1049","3","29.94","89.82","North"
"ORD-5801","2024-07-20","C2035","P1010","4","56.18","224.72","South"
"ORD-5802","2024-06-05","C2317","P1038","6","86.37","518.22","North"
"ORD-5803","2025-10-03","C2341","P1044","6","104.84","629.04","South"
"ORD-5804","2025-03-17","C2427","P1038","4","86.37","345.48","West"
"ORD-5805","2024-08-31","C2343","P1006","4","17.64","70.56","South"
"ORD-5806","2025-10-06","C2268","P1007","1","162.96","162.96","West"
"ORD-5807","2024-05-24","C2430","P1008","4","68.41","273.64","North"
"ORD-5808","2024-09-20","C2310","P1045","10","115.1","1151.00","South"
"ORD-5809","2025-10-30","C2356","P1019","5","182.55","912.75","West"
"ORD-5810","2025-02-18","C2065","P1029","4","162.21","648.84","North"
"ORD-5811","2024-03-17","C2413","P1042","2","35.03","70.06","South"
"ORD-5812","2024-04-03","C2056","P1046","2","89.24","178.48","West"
"ORD-5813","2024-01-01","C2314","P1011","5","78.92","394.60","West"
"ORD-5814","2025-12-17","C2106","P1007","2","162.96","325.92","South"
"ORD-5815","2024-06-28","C2323","P1029","10","162.21","1622.10","West"
"ORD-5816","2024-11-06","C2209","P1035","9","176.31","1586.79","East"
"ORD-5817","2024-08-14","C2467","P1048","3","20.28","60.84","South"
"ORD-5818","2024-01-30","C2376","P1034","5","41.45","207.25","South"
"ORD-5819","2024-05-20","C2368","P1025","10","185.22","1852.20","North"
"ORD-5820","2025-10-31","C2310","P1031","10","107.88","1078.80","West"
"ORD-5821","2024-08-16","C2089","P1006","4","17.64","70.56","South"
"ORD-5822","2024-11-19","C2010","P1022","3","195.89","587.67","North"
"ORD-5823","2025-03-13","C2329","P1045","10","115.1","1151.00","East"
"ORD-5824","2025-05-17","C2254","P1013","5","91.3","456.50","North"
"ORD-5825","2025-08-04","C2256","P1025","8","185.22","1481.76","West"
"ORD-5826","2025-05-10","C2353","P1011","3","78.92","236.76","East"
"ORD-5827","2024-07-10","C2156","P1019","6","182.55","1095.30","South"
"ORD-5828","2024-11-07","C2096","P1015","10","52.45","524.50","East"
"ORD-5829","2024-07-10","C2454","P1033","7","18.85","131.95","North"
"ORD-5830","2024-07-07","C2236","P1036","1","53.74","53.74","South"
"ORD-5831","2025-09-05","C2336","P1009","9","134.61","1211.49","East"
"ORD-5832","2024-12-29","C2450","P1028","8","73.89","591.12","West"
"ORD-5833","2025-10-11","C2448","P1049","9","29.94","269.46","East"
"ORD-5834","2025-03-26","C2092","P1042","1","35.03","35.03","North"
"ORD-5835","2025-12-07","C2422","P1034","3","41.45","124.35","East"
"ORD-5836","2024-06-11","C2224","P1039","5","103.45","517.25","South"
"ORD-5837","2025-09-23","C2029","P1022","6","195.89","1175.34","East"
"ORD-5838","2025-12-10","C2014","P1004","6","28.55","171.30","West"
"ORD-5839","2024-10-20","C2219","P1043","2","17.22","34.44","South"
"ORD-5840","2025-03-27","C2371","P1007","9","162.96","1466.64","South"
"ORD-5841","2024-02-03","C2062","P1041","2","28.49","56.98","North"
"ORD-5842","2025-03-27","C2307","P1033","4","18.85","75.40","East"
"ORD-5843","2025-03-15","C2391","P1049","7","29.94","209.58","West"
"ORD-5844","2024-07-12","C2401","P1026","1","64.62","64.62","East"
"ORD-5845","2024-12-12","C2221","P1002","2","89.88","179.76","North"
"ORD-5846","2025-09-10","C2092","P1027","10","134.32","1343.20","West"
"ORD-5847","2025-05-30","C2206","P1008","2","68.41","136.82","North"
"ORD-5848","2024-05-04","C2171","P1028","9","73.89","665.01","South"
"ORD-5849","2024-10-19","C2344","P1001","2","108.19","216.38","North"
"ORD-5850","2025-11-03","C2265","P1012","6","112.61","675.66","West"
"ORD-5851","2024-09-28","C2380","P1041","9","28.49","256.41","South"
"ORD-5852","2024-03-02","C2308","P1035","8","176.31","1410.48","South"
"ORD-5853","2025-12-23","C2185","P1046","1","89.24","89.24","West"
"ORD-5854","2024-01-23","C2238","P1036","2","53.74","107.48","North"
"ORD-5855","2025-05-25","C2243","P1029","1","162.21","162.21","North"
"ORD-5856","2025-03-28","C2272","P1008","3","68.41","205.23","West"
"ORD-5857","2025-11-09","C2395","P1013","4","91.3","365.20","North"
"ORD-5858","2024-01-12","C2320","P1046","1","89.24","89.24","South"
"ORD-5859","2025-04-20","C2376","P1033","6","18.85","113.10","East"
"ORD-5860","2024-02-17","C2085","P1012","3","112.61","337.83","West"
"ORD-5861","2024-04-30","C2261","P1025","5","185.22","926.10","South"
"ORD-5862","2024-03-03","C2053","P1034","10","41.45","414.50","East"
"ORD-5863","2024-02-14","C2449","P1041","5","28.49","142.45","North"
"ORD-5864","2024-06-09","C2432","P1009","4","134.61","538.44","South"
"ORD-5865","2024-02-02","C2292","P1024","4","180.47","721.88","North"
"ORD-5866","2025-10-15","C2114","P1003","6","29.47","176.82","West"
"ORD-5867","2024-04-19","C2104","P1040","4","58.12","232.48","North"
"ORD-5868","2024-01-27","C2198","P1049","10","29.94","299.40","South"
"ORD-5869","2025-09-14","C2202","P1027","6","134.32","805.92","North"
"ORD-5870","2025-05-20","C2499","P1011","7","78.92","552.44","South"
"ORD-5871","2025-11-16","C2180","P1031","9","107.88","970.92","West"
"ORD-5872","2025-09-19","C2356","P1031","1","107.88","107.88","West"
"ORD-5873","2025-11-17","C2145","P1001","8","108.19","865.52","North"
"ORD-5874","2024-09-27","C2323","P1048","9","20.28","182.52","South"
"ORD-5875","2025-12-10","C2303","P1024","8","180.47","1443.76","East"
"ORD-5876","2024-01-30","C2488","P1045","1","115.1","115.10","East"
"ORD-5877","2024-02-11","C2364","P1006","7","17.64","123.48","North"
"ORD-5878","2025-01-12","C2089","P1021","3","165.9","497.70","East"
"ORD-5879","2024-03-21","C2224","P1036","7","53.74","376.18","West"
"ORD-5880","2025-08-05","C2267","P1019","6","182.55","1095.30","North"
"ORD-5881","2024-06-21","C2154","P1018","6","38.93","233.58","East"
"ORD-5882","2024-11-09","C2488","P1027","6","134.32","805.92","West"
"ORD-5883","2025-06-03","C2463","P1024","9","180.47","1624.23","West"
"ORD-5884","2025-12-21","C2157","P1025","8","185.22","1481.76","East"
"ORD-5885","2024-01-25","C2366","P1019","7","182.55","1277.85","North"
"ORD-5886","2025-08-03","C2148","P1014","4","193.35","773.40","West"
"ORD-5887","2025-10-19","C2417","P1019","10","182.55","1825.50","North"
"ORD-5888","2024-01-01","C2243","P1038","6","86.37","518.22","North"
"ORD-5889","2024-05-31","C2018","P1033","3","18.85","56.55","West"
"ORD-5890","2024-12-05","C2050","P1038","9","86.37","777.33","East"
"ORD-5891","2025-01-30","C2138","P1022","4","195.89","783.56","South"
"ORD-5892","2025-03-13","C2368","P1011","7","78.92","552.44","South"
"ORD-5893","2025-01-06","C2380","P1047","9","118.95","1070.55","East"
"ORD-5894","2025-12-01","C2121","P1039","4","103.45","413.80","East"
"ORD-5895","2025-02-07","C2217","P1011","5","78.92","394.60","East"
"ORD-5896","2024-11-22","C2178","P1001","2","108.19","216.38","South"
"ORD-5897","2025-04-13","C2250","P1043","6","17.22","103.32","North"
"ORD-5898","2024-10-02","C2044","P1003","4","29.47","117.88","North"
"ORD-5899","2024-05-31","C2153","P1048","1","20.28","20.28","South"
"ORD-5900","2025-08-07","C2248","P1023","2","157.13","314.26","West"
"ORD-5901","2024-04-22","C2197","P1010","6","56.18","337.08","South"
"ORD-5902","2025-03-24","C2278","P1047","9","118.95","1070.55","North"
"ORD-5903","2025-12-28","C2158","P1030","8","12.47","99.76","North"
"ORD-5904","2025-12-03","C2115","P1049","4","29.94","119.76","South"
"ORD-5905","2025-06-14","C2207","P1031","2","107.88","215.76","West"
"ORD-5906","2025-08-15","C2005","P1040","10","58.12","581.20","West"
"ORD-5907","2025-01-27","C2177","P1050","5","48.76","243.80","East"
"ORD-5908","2024-04-18","C2242","P1007","9","162.96","1466.64","West"
"ORD-5909","2024-09-17","C2347","P1009","7","134.61","942.27","North"
"ORD-5910","2025-09-24","C2028","P1029","9","162.21","1459.89","West"
"ORD-5911","2025-05-31","C2293","P1015","2","52.45","104.90","West"
"ORD-5912","2025-08-24","C2114","P1005","7","74.61","522.27","North"
"ORD-5913","2024-05-10","C2326","P1015","6","52.45","314.70","West"
"ORD-5914","2025-08-05","C2223","P1008","3","68.41","205.23","South"
"ORD-5915","2025-02-20","C2114","P1035","7","176.31","1234.17","West"
"ORD-5916","2024-04-04","C2384","P1046","6","89.24","535.44","North"
"ORD-5917","2025-09-16","C2349","P1037","9","49.95","449.55","West"
"ORD-5918","2024-08-29","C2008","P1004","10","28.55","285.50","South"
"ORD-5919","2024-04-29","C2286","P1023","5","157.13","785.65","North"
"ORD-5920","2024-03-21","C2061","P1024","10","180.47","1804.70","West"
"ORD-5921","2025-10-08","C2440","P1044","5","104.84","524.20","West"
"ORD-5922","2025-12-22","C2260","P1035","10","176.31","1763.10","East"
"ORD-5923","2024-08-11","C2241","P1009","7","134.61","942.27","West"
"ORD-5924","2025-05-07","C2480","P1040","2","58.12","116.24","East"
"ORD-5925","2025-04-07","C2315","P1034","8","41.45","331.60","West"
"ORD-5926","2025-05-01","C2164","P1012","1","112.61","112.61","North"
"ORD-5927","2024-09-19","C2154","P1045","10","115.1","1151.00","South"
"ORD-5928","2024-11-10","C2299","P1048","7","20.28","141.96","East"
"ORD-5929","2025-12-03","C2480","P1050","9","48.76","438.84","West"
"ORD-5930","2025-10-27","C2170","P1001","9","108.19","973.71","North"
"ORD-5931","2025-10-06","C2357","P1048","1","20.28","20.28","South"
"ORD-5932","2025-12-15","C2472","P1039","3","103.45","310.35","South"
"ORD-5933","2024-01-30","C2311","P1002","2","89.88","179.76","East"
"ORD-5934","2024-12-29","C2370","P1029","10","162.21","1622.10","West"
"ORD-5935","2024-05-10","C2229","P1031","2","107.88","215.76","South"
"ORD-5936","2024-03-17","C2432","P1041","6","28.49","170.94","South"
"ORD-5937","2024-09-19","C2166","P1013","7","91.3","639.10","East"
"ORD-5938","2025-11-06","C2425","P1009","8","134.61","1076.88","North"
"ORD-5939","2024-11-29","C2064","P1029","8","162.21","1297.68","South"
"ORD-5940","2025-11-25","C2346","P1027","4","134.32","537.28","South"
"ORD-5941","2024-09-10","C2009","P1013","6","91.3","547.80","West"
"ORD-5942","2025-02-26","C2319","P1029","6","162.21","973.26","North"
"ORD-5943","2024-11-24","C2108","P1007","9","162.96","1466.64","East"
"ORD-5944","2025-03-09","C2219","P1012","2","112.61","225.22","East"
"ORD-5945","2025-11-14","C2027","P1018","7","38.93","272.51","North"
"ORD-5946","2024-08-20","C2359","P1011","10","78.92","789.20","North"
"ORD-5947","2024-02-27","C2421","P1017","1","60.32","60.32","South"
"ORD-5948","2024-04-28","C2411","P1014","9","193.35","1740.15","West"
"ORD-5949","2025-06-02","C2256","P1041","2","28.49","56.98","South"
"ORD-5950","2025-06-17","C2130","P1024","6","180.47","1082.82","North"
"ORD-5951","2024-03-06","C2265","P1002","9","89.88","808.92","East"
"ORD-5952","2025-01-31","C2393","P1002","7","89.88","629.16","West"
"ORD-5953","2024-12-07","C2058","P1033","2","18.85","37.70","East"
"ORD-5954","2024-11-14","C2470","P1008","2","68.41","136.82","South"
"ORD-5955","2025-02-14","C2461","P1041","1","28.49","28.49","South"
"ORD-5956","2024-08-02","C2174","P1041","5","28.49","142.45","East"
"ORD-5957","2024-04-08","C2251","P1015","6","52.45","314.70","West"
"ORD-5958","2025-02-04","C2426","P1043","9","17.22","154.98","East"
"ORD-5959","2025-11-17","C2427","P1050","5","48.76","243.80","North"
"ORD-5960","2025-02-18","C2090","P1020","1","24.62","24.62","West"
"ORD-5961","2025-09-25","C2052","P1016","6","34.37","206.22","East"
"ORD-5962","2025-01-30","C2277","P1015","3","52.45","157.35","South"
"ORD-5963","2025-10-17","C2099","P1018","2","38.93","77.86","East"
"ORD-5964","2025-01-29","C2057","P1025","10","185.22","1852.20","East"
"ORD-5965","2024-09-26","C2467","P1024","5","180.47","902.35","West"
"ORD-5966","2024-05-20","C2194","P1043","2","17.22","34.44","East"
"ORD-5967","2024-08-30","C2477","P1032","10","52.52","525.20","North"
"ORD-5968","2025-06-01","C2485","P1035","5","176.31","881.55","East"
"ORD-5969","2024-02-16","C2345","P1029","2","162.21","324.42","South"
"ORD-5970","2024-04-02","C2236","P1015","3","52.45","157.35","East"
"ORD-5971","2024-03-19","C2025","P1021","2","165.9","331.80","West"
"ORD-5972","2025-06-22","C2183","P1002","9","89.88","808.92","East"
"ORD-5973","2025-01-19","C2316","P1006","1","17.64","17.64","West"
"ORD-5974","2024-10-16","C2337","P1013","9","91.3","821.70","South"
"ORD-5975","2024-03-06","C2327","P1030","9","12.47","112.23","South"
"ORD-5976","2024-11-18","C2156","P1006","1","17.64","17.64","South"
"ORD-5977","2024-07-27","C2253","P1035","4","176.31","705.24","West"
"ORD-5978","2024-07-04","C2343","P1023","3","157.13","471.39","West"
"ORD-5979","2025-08-20","C2454","P1048","6","20.28","121.68","South"
"ORD-5980","2024-03-03","C2157","P1040","8","58.12","464.96","West"
"ORD-5981","2025-08-10","C2339","P1017","5","60.32","301.60","South"
"ORD-5982","2025-02-06","C2018","P1044","10","104.84","1048.40","North"
"ORD-5983","2024-07-22","C2178","P1042","6","35.03","210.18","West"
"ORD-5984","2025-11-27","C2049","P1012","1","112.61","112.61","West"
"ORD-5985","2025-11-28","C2126","P1022","6","195.89","1175.34","West"
"ORD-5986","2024-04-26","C2455","P1005","4","74.61","298.44","East"
"ORD-5987","2024-11-28","C2267","P1016","2","34.37","68.74","South"
"ORD-5988","2025-10-13","C2213","P1022","7","195.89","1371.23","South"
"ORD-5989","2025-07-31","C2176","P1046","5","89.24","446.20","South"
"ORD-5990","2025-05-24","C2014","P1001","8","108.19","865.52","North"
"ORD-5991","2024-10-26","C2183","P1044","1","104.84","104.84","West"
"ORD-5992","2024-07-30","C2455","P1039","1","103.45","103.45","East"
"ORD-5993","2025-03-26","C2064","P1043","6","17.22","103.32","East"
"ORD-5994","2025-10-02","C2446","P1044","6","104.84","629.04","North"
"ORD-5995","2025-05-07","C2123","P1011","3","78.92","236.76","North"
"ORD-5996","2025-01-16","C2462","P1009","9","134.61","1211.49","North"
"ORD-5997","2025-01-08","C2296","P1040","5","58.12","290.60","South"
"ORD-5998","2024-06-28","C2077","P1015","10","52.45","524.50","West"
"ORD-5999","2025-01-14","C2106","P1034","8","41.45","331.60","East"
"ORD-6000","2024-02-16","C2353","P1004","4","28.55","114.20","South"